visitingOpID,nPasses,passesCost
EG,34,120.59999966621399
AM,16,57.69999885559082
OO,14,54.499998569488525
KO,6,21.399999618530273
NAO,24,91.1999979019165
MO,3,9.949999809265137
GE,1,3.25
