visitingOpID,nPasses,passesCost
OO,11,29.90000033378601
NAO,23,63.70000112056732
AM,10,24.40000033378601
EG,17,40.15000021457672
NO,12,30.600000143051147
MO,1,2.950000047683716
