visitingOpID,nPasses,passesCost
NAO,2,29.399999618530273
KO,2,29.399999618530273
OO,2,29.399999618530273
AM,2,29.399999618530273
EG,3,44.09999942779541
NO,2,29.399999618530273
