visitingOpID,nPasses,passesCost
NAO,28,67.299999833107
MO,5,14.299999952316284
EG,27,74.99999988079071
NO,9,25.59999990463257
AM,10,24.800000071525574
KO,11,31.200000286102295
